Instrument,Header,InstrumentFrequency,InstrumentTransducerLocation,InstrumentTransducerManufacturer,InstrumentTransducerModel,InstrumentTransducerSerial,InstrumentTransducerBeamType,InstrumentTransducerDepth,InstrumentTransducerOrientation,InstrumentTransducerPSI,InstrumentTransducerBeamAngleMajor,InstrumentTransducerBeamAngleMinor,InstrumentTransceiverManufacturer,InstrumentTransceiverModel,InstrumentTransceiverSerial,InstrumentTransceiverFirmware,InstrumentComments,InstrumentID,,,,,,,,,
Instrument,Record,18,AB,Simrad,ES18,2009,S2,5,downwards-looking,-17,10.24,10.24,Simrad,WBT,145597,2.20,,ID_F18,,,,,,,,,
Instrument,Record,38,AB,Simrad,ES38-7,136,S2,5,downwards-looking,-20.7,6.54,6.46,Simrad,WBT,714699,2.20,,ID_F38,,,,,,,,,
Instrument,Record,120,AB,Simrad,ES120-7C,1436,S2,5,downwards-looking,-20.7,6.54,6.63,Simrad,WBT,714689,2.20,,ID_F120,,,,,,,,,
Instrument,Record,200,AB,Simrad,ES200-7C,268,S2,5,downwards-looking,-20.7,6.32,6.86,Simrad,WBT,714677,2.20,,ID_F200,,,,,,,,,
Instrument,Record,333,AB,Simrad,ES333-7C,182,S2,5,downwards-looking,-20.7,6.65,6.09,Simrad,WBT,714704,2.20,,ID_F333,,,,,,,,,
Calibration,Header,CalibrationDate,CalibrationAcquisitionMethod,CalibrationProcessingMethod,CalibrationAccuracyEstimate,CalibrationReport,CalibrationComments,CalibrationID,,,,,,,,,,,,,,,,,,,
Calibration,Record,2019-07-01,SS,calibration.exe,AC_AccuracyEstimate_0.06,,,C0,,,,,,,,,,,,,,,,,,,
DataAcquisition,Header,DataAcquisitionSoftwareName,DataAcquisitionSoftwareVersion,DataAcquisitionStoredDataFormat,DataAcquisitionPingDutyCycle,DataAcquisitionComments,DataAcquisitionID,,,,,,,,,,,,,,,,,,,,
DataAcquisition,Record,EK80,1.12.2.0,RAW,Varying,,DA0,,,,,,,,,,,,,,,,,,,,
DataProcessing,Header,DataProcessingSoftwareName,DataProcessingSoftwareVersion,DataProcessingTriwaveCorrection,DataProcessingBandwidth,DataProcessingFrequency,DataProcessingTransceiverPower,DataProcessingTransmitPulseLength,DataProcessingOnAxisGain,DataProcessingOnAxisGainUnit,DataProcessingSaCorrection,DataProcessingAbsorption,DataProcessingAbsorptionDescription,DataProcessingSoundSpeed,DataProcessingSoundSpeedDescription,DataProcessingTransducerPSI,DataProcessingComments,DataProcessingID,DataProcessingChannelID,,,,,,,,
DataProcessing,Record,LSSS,2.7.0,NA,0.9765625,18,1500,1.024,23.15,dB,0.02,0.0027569646,Typical for centre frequency,1480,Typical for surveyed waters,-17,,DP18,WBT 145597-15 ES18,,,,,,,,
DataProcessing,Record,LSSS,2.7.0,NA,0.9765625,38,2000,1.024,26.36,dB,0.01,0.010129851,Typical for centre frequency,1480,Typical for surveyed waters,-20.7,,DP38,WBT 714699-15 ES38-7,,,,,,,,
DataProcessing,Record,LSSS,2.7.0,NA,0.9765625,120,250,1.024,26.65,dB,-0.04,0.038692,Typical for centre frequency,1480,Typical for surveyed waters,-20.7,,DP120,WBT 714689-15 ES120-7C,,,,,,,,
DataProcessing,Record,LSSS,2.7.0,NA,0.9765625,200,150,1.024,26.93,dB,-0.08,0.054279197,Typical for centre frequency,1480,Typical for surveyed waters,-20.7,,DP200,WBT 714677-15 ES200-7C,,,,,,,,
DataProcessing,Record,LSSS,2.7.0,NA,0.9765625,333,50,1.024,25.75,dB,0.01,0.07994674,Typical for centre frequency,1480,Typical for surveyed waters,-20.7,,DP333,WBT 714704-15 ES333-7C,,,,,,,,
Cruise,Header,CruiseCountry,CruisePlatform,CruiseStartDate,CruiseEndDate,CruiseOrganisation,CruiseSurvey,CruiseLocalID,,,,,,,,,,,,,,,,,,,
Cruise,Record,NO,58J3,2019-06-29,2019-08-03,1351,HERAS,578-1019-2019207,,,,,,,,,,,,,,,,,,,
Data,Header,LogDistance,SampleChannelDepthUpper,LogTime,LogLatitude,LogLongitude,LogOrigin,LogLatitude2,LogLongitude2,LogOrigin2,LogValidity,LogBottomDepth,SampleChannelDepthLower,SamplePingAxisInterval,SamplePingAxisIntervalType,SamplePingAxisIntervalUnit,SampleSvThreshold,SamplePingAxisIntervalOrigin,DataSaCategory,DataType,DataUnit,DataValue,CruiseLocalID,InstrumentID,CalibrationID,DataAcquisitionID,DataProcessingID
Data,Record,1596.8987,40,2019-06-30 19:18:27,56.71811,6.0049334,start,,,,V,50.62142,45,0.1,distance,nmi,-82,start,HER,C,m2nmi-2,0.19524843,578-1019-2019207,ID_F38,C0,DA0,DP38
Data,Record,1596.8987,45,2019-06-30 19:18:27,56.71811,6.0049334,start,,,,V,50.62142,50,0.1,distance,nmi,-82,start,HER,C,m2nmi-2,0.34632182,578-1019-2019207,ID_F38,C0,DA0,DP38
Data,Record,1596.8987,50,2019-06-30 19:18:27,56.71811,6.0049334,start,,,,V,50.62142,55,0.1,distance,nmi,-82,start,HER,C,m2nmi-2,0.07451056,578-1019-2019207,ID_F38,C0,DA0,DP38
